{
  "osaurus|llama-3.2-3b-instruct-4bit": {
    "runs": 20,
    "success_rate": 1.0,
    "ttft_ms_avg": 169.02888545300812,
    "ttft_ms_p50": 167.71639551734552,
    "ttft_ms_p95": 172.43314134830146,
    "total_ms_avg": 1303.6016375088366,
    "total_ms_p50": 1132.9895624949131,
    "total_ms_p95": 2355.24297056254,
    "output_chars_avg": 678.35,
    "output_bytes_avg": 678.35,
    "chars_per_sec_avg": 520.3660232402874,
    "bytes_per_sec_avg": 520.3660232402874
  },
  "ollama|llama3.2": {
    "runs": 20,
    "success_rate": 1.0,
    "ttft_ms_avg": 58.70802075660322,
    "ttft_ms_p50": 51.1643955251202,
    "ttft_ms_p95": 99.34400627098516,
    "total_ms_avg": 1641.7462499055546,
    "total_ms_p50": 1582.6773750013672,
    "total_ms_p95": 2910.8462291769692,
    "output_chars_avg": 736.4,
    "output_bytes_avg": 736.4,
    "chars_per_sec_avg": 448.5467836715711,
    "bytes_per_sec_avg": 448.5467836715711
  },
  "lmstudio|llama-3.2-3b-instruct": {
    "runs": 20,
    "success_rate": 1.0,
    "ttft_ms_avg": 54.628770862473175,
    "ttft_ms_p50": 50.14927050797269,
    "ttft_ms_p95": 91.03641698602587,
    "total_ms_avg": 1181.220204057172,
    "total_ms_p50": 1099.9232915055472,
    "total_ms_p95": 2100.33908370242,
    "output_chars_avg": 731.05,
    "output_bytes_avg": 731.05,
    "chars_per_sec_avg": 618.8939179071276,
    "bytes_per_sec_avg": 618.8939179071276
  }
}