{
  "osaurus|llama-3.2-3b-instruct-4bit": {
    "runs": 20,
    "success_rate": 1.0,
    "ttft_ms_avg": 159.92526676272973,
    "ttft_ms_p50": 158.8606043951586,
    "ttft_ms_p95": 186.90655335085467,
    "total_ms_avg": 1381.4472250756808,
    "total_ms_p50": 1228.7124790018424,
    "total_ms_p95": 2399.018004501704,
    "output_chars_avg": 732.8,
    "output_bytes_avg": 732.8,
    "chars_per_sec_avg": 530.4581939131656,
    "bytes_per_sec_avg": 530.4581939131656
  },
  "ollama|llama3.2": {
    "runs": 20,
    "success_rate": 1.0,
    "ttft_ms_avg": 59.56085821380839,
    "ttft_ms_p50": 51.4356039930135,
    "ttft_ms_p95": 90.93199808849027,
    "total_ms_avg": 1689.7649269318208,
    "total_ms_p50": 1600.8924370398745,
    "total_ms_p95": 3154.438737104647,
    "output_chars_avg": 745.1,
    "output_bytes_avg": 745.1,
    "chars_per_sec_avg": 440.94890840994685,
    "bytes_per_sec_avg": 440.94890840994685
  },
  "lmstudio|llama-3.2-3b-instruct": {
    "runs": 20,
    "success_rate": 1.0,
    "ttft_ms_avg": 55.87393124587834,
    "ttft_ms_p50": 50.99050002172589,
    "ttft_ms_p95": 95.32559323124588,
    "total_ms_avg": 1223.09027495794,
    "total_ms_p50": 1117.6748545840383,
    "total_ms_p95": 2323.536475247238,
    "output_chars_avg": 737.55,
    "output_bytes_avg": 737.55,
    "chars_per_sec_avg": 603.0217189204313,
    "bytes_per_sec_avg": 603.0217189204313
  }
}