{
  "osaurus|llama-3.2-3b-instruct-4bit": {
    "runs": 20,
    "success_rate": 1.0,
    "ttft_ms_avg": 214.1521167010069,
    "ttft_ms_p50": 211.16068749688566,
    "ttft_ms_p95": 223.25397316308226,
    "total_ms_avg": 1352.800731305615,
    "total_ms_p50": 1295.0712289894,
    "total_ms_p95": 2326.2857652443927,
    "output_chars_avg": 631.5,
    "output_bytes_avg": 631.5,
    "chars_per_sec_avg": 466.8093277792116,
    "bytes_per_sec_avg": 466.8093277792116
  },
  "ollama|llama3.2": {
    "runs": 20,
    "success_rate": 1.0,
    "ttft_ms_avg": 60.02239359659143,
    "ttft_ms_p50": 51.63320802967064,
    "ttft_ms_p95": 96.96278930932755,
    "total_ms_avg": 1665.6491436937358,
    "total_ms_p50": 1452.898291987367,
    "total_ms_p95": 2988.7983329885174,
    "output_chars_avg": 707.2,
    "output_bytes_avg": 707.2,
    "chars_per_sec_avg": 424.57921146089427,
    "bytes_per_sec_avg": 424.57921146089427
  },
  "lmstudio|llama-3.2-3b-instruct": {
    "runs": 20,
    "success_rate": 1.0,
    "ttft_ms_avg": 57.61659155541565,
    "ttft_ms_p50": 52.68164552398957,
    "ttft_ms_p95": 95.2612913766643,
    "total_ms_avg": 1221.008360295673,
    "total_ms_p50": 1030.1303330052178,
    "total_ms_p95": 2196.353474690113,
    "output_chars_avg": 717.4,
    "output_bytes_avg": 717.4,
    "chars_per_sec_avg": 587.5471645634582,
    "bytes_per_sec_avg": 587.5471645634582
  }
}