{
  "osaurus|llama-3.2-3b-instruct-4bit": {
    "runs": 20,
    "success_rate": 1.0,
    "ttft_ms_avg": 191.37291876832023,
    "ttft_ms_p50": 193.0457289563492,
    "ttft_ms_p95": 203.12001011334362,
    "total_ms_avg": 1461.2464020727202,
    "total_ms_p50": 1330.660937470384,
    "total_ms_p95": 2715.820764633827,
    "output_chars_avg": 761.45,
    "output_bytes_avg": 761.45,
    "chars_per_sec_avg": 521.0962360077762,
    "bytes_per_sec_avg": 521.0962360077762
  },
  "ollama|llama3.2": {
    "runs": 20,
    "success_rate": 1.0,
    "ttft_ms_avg": 59.235327143687755,
    "ttft_ms_p50": 51.90627102274448,
    "ttft_ms_p95": 91.62897734204313,
    "total_ms_avg": 1666.887510532979,
    "total_ms_p50": 1618.8340209191665,
    "total_ms_p95": 3055.3014541394077,
    "output_chars_avg": 732.25,
    "output_bytes_avg": 732.25,
    "chars_per_sec_avg": 439.29179106145364,
    "bytes_per_sec_avg": 439.29179106145364
  },
  "lmstudio|llama-3.2-3b-instruct": {
    "runs": 20,
    "success_rate": 1.0,
    "ttft_ms_avg": 55.996714578941464,
    "ttft_ms_p50": 51.154624903574586,
    "ttft_ms_p95": 94.2568205180578,
    "total_ms_avg": 1204.6242810669355,
    "total_ms_p50": 1148.3189789578319,
    "total_ms_p95": 2139.1728579299524,
    "output_chars_avg": 729.3,
    "output_bytes_avg": 729.3,
    "chars_per_sec_avg": 605.41698474985,
    "bytes_per_sec_avg": 605.41698474985
  }
}