{
  "osaurus|llama-3.2-3b-instruct-4bit": {
    "runs": 20,
    "success_rate": 1.0,
    "ttft_ms_avg": 87.3210708014085,
    "ttft_ms_p50": 85.27945801324677,
    "ttft_ms_p95": 91.39058124856095,
    "total_ms_avg": 1237.2965478469268,
    "total_ms_p50": 1093.2082910003373,
    "total_ms_p95": 2376.7498982560937,
    "output_chars_avg": 684.9,
    "output_bytes_avg": 684.9,
    "chars_per_sec_avg": 553.5455515428569,
    "bytes_per_sec_avg": 553.5455515428569
  },
  "ollama|llama3.2": {
    "runs": 20,
    "success_rate": 1.0,
    "ttft_ms_avg": 32.58506449928973,
    "ttft_ms_p50": 25.014228987856768,
    "ttft_ms_p95": 64.62671280314686,
    "total_ms_avg": 1622.3658124989015,
    "total_ms_p50": 1446.723479006323,
    "total_ms_p95": 3084.362408933521,
    "output_chars_avg": 697.25,
    "output_bytes_avg": 697.25,
    "chars_per_sec_avg": 429.7736026168094,
    "bytes_per_sec_avg": 429.7736026168094
  },
  "lmstudio|llama-3.2-3b-instruct": {
    "runs": 20,
    "success_rate": 1.0,
    "ttft_ms_avg": 113.48572310380405,
    "ttft_ms_p50": 110.6189795100363,
    "ttft_ms_p95": 154.50040386494948,
    "total_ms_avg": 1220.614402355568,
    "total_ms_p50": 1147.1849590016063,
    "total_ms_p95": 2264.286896456906,
    "output_chars_avg": 718.15,
    "output_bytes_avg": 718.15,
    "chars_per_sec_avg": 588.3512423039566,
    "bytes_per_sec_avg": 588.3512423039566
  }
}