{
  "osaurus|llama-3.2-3b-instruct-4bit": {
    "runs": 20,
    "success_rate": 1.0,
    "ttft_ms_avg": 85.53217300213873,
    "ttft_ms_p50": 83.24868744239211,
    "ttft_ms_p95": 86.60728188697253,
    "total_ms_avg": 1313.5824459022842,
    "total_ms_p50": 1208.8925839634612,
    "total_ms_p95": 2338.0961812566966,
    "output_chars_avg": 732.4,
    "output_bytes_avg": 732.4,
    "chars_per_sec_avg": 557.5592169983081,
    "bytes_per_sec_avg": 557.5592169983081
  },
  "ollama|llama3.2": {
    "runs": 20,
    "success_rate": 1.0,
    "ttft_ms_avg": 58.30196029273793,
    "ttft_ms_p50": 51.0136455995962,
    "ttft_ms_p95": 89.24559145234531,
    "total_ms_avg": 1655.3547958144918,
    "total_ms_p50": 1562.2395625105128,
    "total_ms_p95": 3034.254426776897,
    "output_chars_avg": 719.05,
    "output_bytes_avg": 719.05,
    "chars_per_sec_avg": 434.3781779097106,
    "bytes_per_sec_avg": 434.3781779097106
  },
  "lmstudio|llama-3.2-3b-instruct": {
    "runs": 20,
    "success_rate": 1.0,
    "ttft_ms_avg": 56.38147307327017,
    "ttft_ms_p50": 51.2014371342957,
    "ttft_ms_p95": 96.03098781080918,
    "total_ms_avg": 1202.5094791664742,
    "total_ms_p50": 1129.6477920841426,
    "total_ms_p95": 2174.855871021282,
    "output_chars_avg": 733.15,
    "output_bytes_avg": 733.15,
    "chars_per_sec_avg": 609.6833436258538,
    "bytes_per_sec_avg": 609.6833436258538
  }
}