{
  "osaurus|llama-3.2-3b-instruct-4bit": {
    "runs": 20,
    "success_rate": 1.0,
    "ttft_ms_avg": 161.00406032055616,
    "ttft_ms_p50": 157.69849950447679,
    "ttft_ms_p95": 165.84417539415887,
    "total_ms_avg": 1351.2597250635736,
    "total_ms_p50": 1303.3671244047582,
    "total_ms_p95": 2373.2968580676243,
    "output_chars_avg": 735.45,
    "output_bytes_avg": 735.45,
    "chars_per_sec_avg": 544.2699033787889,
    "bytes_per_sec_avg": 544.2699033787889
  },
  "ollama|llama3.2": {
    "runs": 20,
    "success_rate": 1.0,
    "ttft_ms_avg": 58.61267290310934,
    "ttft_ms_p50": 50.92181242071092,
    "ttft_ms_p95": 90.35490485839553,
    "total_ms_avg": 1623.764885251876,
    "total_ms_p50": 1629.3903954792768,
    "total_ms_p95": 2850.2368027460766,
    "output_chars_avg": 728.45,
    "output_bytes_avg": 728.45,
    "chars_per_sec_avg": 448.617904363047,
    "bytes_per_sec_avg": 448.617904363047
  },
  "lmstudio|llama-3.2-3b-instruct": {
    "runs": 20,
    "success_rate": 1.0,
    "ttft_ms_avg": 55.081835365854204,
    "ttft_ms_p50": 49.9305414268747,
    "ttft_ms_p95": 96.24667078023776,
    "total_ms_avg": 1219.3513166974299,
    "total_ms_p50": 1157.708479091525,
    "total_ms_p95": 2150.866360682994,
    "output_chars_avg": 743.2,
    "output_bytes_avg": 743.2,
    "chars_per_sec_avg": 609.5044060090336,
    "bytes_per_sec_avg": 609.5044060090336
  }
}