{
  "osaurus|llama-3.2-3b-instruct-4bit": {
    "runs": 20,
    "success_rate": 1.0,
    "ttft_ms_avg": 162.09797919727862,
    "ttft_ms_p50": 158.0029375036247,
    "ttft_ms_p95": 165.06446078128653,
    "total_ms_avg": 1359.65859790158,
    "total_ms_p50": 1182.059083483182,
    "total_ms_p95": 2370.143183649634,
    "output_chars_avg": 720.15,
    "output_bytes_avg": 720.15,
    "chars_per_sec_avg": 529.6550186285283,
    "bytes_per_sec_avg": 529.6550186285283
  },
  "ollama|llama3.2": {
    "runs": 20,
    "success_rate": 1.0,
    "ttft_ms_avg": 61.08895214565564,
    "ttft_ms_p50": 51.26593747991137,
    "ttft_ms_p95": 92.35925449174837,
    "total_ms_avg": 1665.282424891484,
    "total_ms_p50": 1568.438916496234,
    "total_ms_p95": 3202.1127416286618,
    "output_chars_avg": 742.5,
    "output_bytes_avg": 742.5,
    "chars_per_sec_avg": 445.87031539012617,
    "bytes_per_sec_avg": 445.87031539012617
  },
  "lmstudio|llama-3.2-3b-instruct": {
    "runs": 20,
    "success_rate": 1.0,
    "ttft_ms_avg": 55.75343765085563,
    "ttft_ms_p50": 50.70424999576062,
    "ttft_ms_p95": 93.31130902573932,
    "total_ms_avg": 1197.2396480094176,
    "total_ms_p50": 1158.0520835123025,
    "total_ms_p95": 2105.864663174725,
    "output_chars_avg": 738.7,
    "output_bytes_avg": 738.7,
    "chars_per_sec_avg": 617.0026203427146,
    "bytes_per_sec_avg": 617.0026203427146
  }
}