{
  "osaurus|llama-3.2-3b-instruct-4bit": {
    "runs": 20,
    "success_rate": 1.0,
    "ttft_ms_avg": 88.90163955511525,
    "ttft_ms_p50": 87.42860396159813,
    "ttft_ms_p95": 92.86152287968436,
    "total_ms_avg": 1324.953320802888,
    "total_ms_p50": 1205.6752495700493,
    "total_ms_p95": 2395.2964359952603,
    "output_chars_avg": 732.05,
    "output_bytes_avg": 732.05,
    "chars_per_sec_avg": 552.5100307355707,
    "bytes_per_sec_avg": 552.5100307355707
  },
  "ollama|llama3.2": {
    "runs": 20,
    "success_rate": 1.0,
    "ttft_ms_avg": 59.387395792873576,
    "ttft_ms_p50": 52.3603749461472,
    "ttft_ms_p95": 92.46622113860218,
    "total_ms_avg": 1669.4257000577636,
    "total_ms_p50": 1577.90193753317,
    "total_ms_p95": 3007.6642580737825,
    "output_chars_avg": 733.5,
    "output_bytes_avg": 733.5,
    "chars_per_sec_avg": 439.3726537063735,
    "bytes_per_sec_avg": 439.3726537063735
  },
  "lmstudio|llama-3.2-3b-instruct": {
    "runs": 20,
    "success_rate": 1.0,
    "ttft_ms_avg": 56.23021243955009,
    "ttft_ms_p50": 51.40481248963624,
    "ttft_ms_p95": 94.78828983264975,
    "total_ms_avg": 1159.1339040896855,
    "total_ms_p50": 1137.5222079805098,
    "total_ms_p95": 1998.4288371866571,
    "output_chars_avg": 716.65,
    "output_bytes_avg": 716.65,
    "chars_per_sec_avg": 618.2633408198116,
    "bytes_per_sec_avg": 618.2633408198116
  }
}